key,layer,legend,rc5_system,rc5_command,pronto_toggle0,pronto_toggle1
Z,plain,Z,0,1,0000 0073 0000 000d 0020 0020 0040 0020 0020 0020 0020 0020 0020 0020 0020 0020 0020 0020 0020 0020 0020 0020 0020 0020 0020 0020 0020 0040 0020 0c80,0000 0073 0000 000d 0020 0020 0020 0020 0040 0020 0020 0020 0020 0020 0020 0020 0020 0020 0020 0020 0020 0020 0020 0020 0020 0020 0020 0040 0020 0c80
Space,plain,Space,0,2,0000 0073 0000 000c 0020 0020 0040 0020 0020 0020 0020 0020 0020 0020 0020 0020 0020 0020 0020 0020 0020 0020 0020 0020 0020 0040 0040 0c80,0000 0073 0000 000c 0020 0020 0020 0020 0040 0020 0020 0020 0020 0020 0020 0020 0020 0020 0020 0020 0020 0020 0020 0020 0020 0040 0040 0c80
→,plain,→,0,3,0000 0073 0000 000d 0020 0020 0040 0020 0020 0020 0020 0020 0020 0020 0020 0020 0020 0020 0020 0020 0020 0020 0020 0020 0020 0040 0020 0020 0020 0c80,0000 0073 0000 000d 0020 0020 0020 0020 0040 0020 0020 0020 0020 0020 0020 0020 0020 0020 0020 0020 0020 0020 0020 0020 0020 0040 0020 0020 0020 0c80
A,plain,A,0,4,0000 0073 0000 000c 0020 0020 0040 0020 0020 0020 0020 0020 0020 0020 0020 0020 0020 0020 0020 0020 0020 0020 0020 0040 0040 0020 0020 0c80,0000 0073 0000 000c 0020 0020 0020 0020 0040 0020 0020 0020 0020 0020 0020 0020 0020 0020 0020 0020 0020 0020 0020 0040 0040 0020 0020 0c80
Lamp,plain,Lamp,0,5,0000 0073 0000 000c 0020 0020 0040 0020 0020 0020 0020 0020 0020 0020 0020 0020 0020 0020 0020 0020 0020 0020 0020 0040 0040 0040 0020 0c80,0000 0073 0000 000c 0020 0020 0020 0020 0040 0020 0020 0020 0020 0020 0020 0020 0020 0020 0020 0020 0020 0020 0020 0040 0040 0040 0020 0c80
Q,plain,Q,0,6,0000 0073 0000 000c 0020 0020 0040 0020 0020 0020 0020 0020 0020 0020 0020 0020 0020 0020 0020 0020 0020 0020 0020 0040 0020 0020 0040 0c80,0000 0073 0000 000c 0020 0020 0020 0020 0040 0020 0020 0020 0020 0020 0020 0020 0020 0020 0020 0020 0020 0020 0020 0040 0020 0020 0040 0c80
1,plain,1,0,7,0000 0073 0000 000d 0020 0020 0040 0020 0020 0020 0020 0020 0020 0020 0020 0020 0020 0020 0020 0020 0020 0020 0020 0040 0020 0020 0020 0020 0020 0c80,0000 0073 0000 000d 0020 0020 0020 0020 0040 0020 0020 0020 0020 0020 0020 0020 0020 0020 0020 0020 0020 0020 0020 0040 0020 0020 0020 0020 0020 0c80
X,plain,X,0,9,0000 0073 0000 000c 0020 0020 0040 0020 0020 0020 0020 0020 0020 0020 0020 0020 0020 0020 0020 0020 0020 0040 0040 0020 0020 0040 0020 0c80,0000 0073 0000 000c 0020 0020 0020 0020 0040 0020 0020 0020 0020 0020 0020 0020 0020 0020 0020 0020 0020 0040 0040 0020 0020 0040 0020 0c80
/,plain,/,0,10,0000 0073 0000 000b 0020 0020 0040 0020 0020 0020 0020 0020 0020 0020 0020 0020 0020 0020 0020 0020 0020 0040 0040 0040 0040 0c80,0000 0073 0000 000b 0020 0020 0020 0020 0040 0020 0020 0020 0020 0020 0020 0020 0020 0020 0020 0020 0020 0040 0040 0040 0040 0c80
←,plain,←,0,11,0000 0073 0000 000c 0020 0020 0040 0020 0020 0020 0020 0020 0020 0020 0020 0020 0020 0020 0020 0020 0020 0040 0040 0040 0020 0020 0020 0c80,0000 0073 0000 000c 0020 0020 0020 0020 0040 0020 0020 0020 0020 0020 0020 0020 0020 0020 0020 0020 0020 0040 0040 0040 0020 0020 0020 0c80
S,plain,S,0,12,0000 0073 0000 000c 0020 0020 0040 0020 0020 0020 0020 0020 0020 0020 0020 0020 0020 0020 0020 0020 0020 0040 0020 0020 0040 0020 0020 0c80,0000 0073 0000 000c 0020 0020 0020 0020 0040 0020 0020 0020 0020 0020 0020 0020 0020 0020 0020 0020 0020 0040 0020 0020 0040 0020 0020 0c80
=,plain,=,0,13,0000 0073 0000 000c 0020 0020 0040 0020 0020 0020 0020 0020 0020 0020 0020 0020 0020 0020 0020 0020 0020 0040 0020 0020 0040 0040 0020 0c80,0000 0073 0000 000c 0020 0020 0020 0020 0040 0020 0020 0020 0020 0020 0020 0020 0020 0020 0020 0020 0020 0040 0020 0020 0040 0040 0020 0c80
W,plain,W,0,14,0000 0073 0000 000c 0020 0020 0040 0020 0020 0020 0020 0020 0020 0020 0020 0020 0020 0020 0020 0020 0020 0040 0020 0020 0020 0020 0040 0c80,0000 0073 0000 000c 0020 0020 0020 0020 0040 0020 0020 0020 0020 0020 0020 0020 0020 0020 0020 0020 0020 0040 0020 0020 0020 0020 0040 0c80
2,plain,2,0,15,0000 0073 0000 000d 0020 0020 0040 0020 0020 0020 0020 0020 0020 0020 0020 0020 0020 0020 0020 0020 0020 0040 0020 0020 0020 0020 0020 0020 0020 0c80,0000 0073 0000 000d 0020 0020 0020 0020 0040 0020 0020 0020 0020 0020 0020 0020 0020 0020 0020 0020 0020 0040 0020 0020 0020 0020 0020 0020 0020 0c80
C,plain,C,0,17,0000 0073 0000 000c 0020 0020 0040 0020 0020 0020 0020 0020 0020 0020 0020 0020 0020 0020 0020 0040 0040 0020 0020 0020 0020 0040 0020 0c80,0000 0073 0000 000c 0020 0020 0020 0020 0040 0020 0020 0020 0020 0020 0020 0020 0020 0020 0020 0040 0040 0020 0020 0020 0020 0040 0020 0c80
;,plain,;,0,18,0000 0073 0000 000b 0020 0020 0040 0020 0020 0020 0020 0020 0020 0020 0020 0020 0020 0020 0020 0040 0040 0020 0020 0040 0040 0c80,0000 0073 0000 000b 0020 0020 0020 0020 0040 0020 0020 0020 0020 0020 0020 0020 0020 0020 0020 0040 0040 0020 0020 0040 0040 0c80
Run,plain,Run,0,19,0000 0073 0000 000c 0020 0020 0040 0020 0020 0020 0020 0020 0020 0020 0020 0020 0020 0020 0020 0040 0040 0020 0020 0040 0020 0020 0020 0c80,0000 0073 0000 000c 0020 0020 0020 0020 0040 0020 0020 0020 0020 0020 0020 0020 0020 0020 0020 0040 0040 0020 0020 0040 0020 0020 0020 0c80
D,plain,D,0,20,0000 0073 0000 000b 0020 0020 0040 0020 0020 0020 0020 0020 0020 0020 0020 0020 0020 0020 0020 0040 0040 0040 0040 0020 0020 0c80,0000 0073 0000 000b 0020 0020 0020 0020 0040 0020 0020 0020 0020 0020 0020 0020 0020 0020 0020 0040 0040 0040 0040 0020 0020 0c80
-,plain,-,0,21,0000 0073 0000 000b 0020 0020 0040 0020 0020 0020 0020 0020 0020 0020 0020 0020 0020 0020 0020 0040 0040 0040 0040 0040 0020 0c80,0000 0073 0000 000b 0020 0020 0020 0020 0040 0020 0020 0020 0020 0020 0020 0020 0020 0020 0020 0040 0040 0040 0040 0040 0020 0c80
E,plain,E,0,22,0000 0073 0000 000b 0020 0020 0040 0020 0020 0020 0020 0020 0020 0020 0020 0020 0020 0020 0020 0040 0040 0040 0020 0020 0040 0c80,0000 0073 0000 000b 0020 0020 0020 0020 0040 0020 0020 0020 0020 0020 0020 0020 0020 0020 0020 0040 0040 0040 0020 0020 0040 0c80
3,plain,3,0,23,0000 0073 0000 000c 0020 0020 0040 0020 0020 0020 0020 0020 0020 0020 0020 0020 0020 0020 0020 0040 0040 0040 0020 0020 0020 0020 0020 0c80,0000 0073 0000 000c 0020 0020 0020 0020 0040 0020 0020 0020 0020 0020 0020 0020 0020 0020 0020 0040 0040 0040 0020 0020 0020 0020 0020 0c80
V,plain,V,0,25,0000 0073 0000 000c 0020 0020 0040 0020 0020 0020 0020 0020 0020 0020 0020 0020 0020 0020 0020 0040 0020 0020 0040 0020 0020 0040 0020 0c80,0000 0073 0000 000c 0020 0020 0020 0020 0040 0020 0020 0020 0020 0020 0020 0020 0020 0020 0020 0040 0020 0020 0040 0020 0020 0040 0020 0c80
.,plain,.,0,26,0000 0073 0000 000b 0020 0020 0040 0020 0020 0020 0020 0020 0020 0020 0020 0020 0020 0020 0020 0040 0020 0020 0040 0040 0040 0c80,0000 0073 0000 000b 0020 0020 0020 0020 0040 0020 0020 0020 0020 0020 0020 0020 0020 0020 0020 0040 0020 0020 0040 0040 0040 0c80
Edit,plain,Edit,0,27,0000 0073 0000 000c 0020 0020 0040 0020 0020 0020 0020 0020 0020 0020 0020 0020 0020 0020 0020 0040 0020 0020 0040 0040 0020 0020 0020 0c80,0000 0073 0000 000c 0020 0020 0020 0020 0040 0020 0020 0020 0020 0020 0020 0020 0020 0020 0020 0040 0020 0020 0040 0040 0020 0020 0020 0c80
F,plain,F,0,28,0000 0073 0000 000c 0020 0020 0040 0020 0020 0020 0020 0020 0020 0020 0020 0020 0020 0020 0020 0040 0020 0020 0020 0020 0040 0020 0020 0c80,0000 0073 0000 000c 0020 0020 0020 0020 0040 0020 0020 0020 0020 0020 0020 0020 0020 0020 0020 0040 0020 0020 0020 0020 0040 0020 0020 0c80
0,plain,0,0,29,0000 0073 0000 000c 0020 0020 0040 0020 0020 0020 0020 0020 0020 0020 0020 0020 0020 0020 0020 0040 0020 0020 0020 0020 0040 0040 0020 0c80,0000 0073 0000 000c 0020 0020 0020 0020 0040 0020 0020 0020 0020 0020 0020 0020 0020 0020 0020 0040 0020 0020 0020 0020 0040 0040 0020 0c80
R,plain,R,0,30,0000 0073 0000 000c 0020 0020 0040 0020 0020 0020 0020 0020 0020 0020 0020 0020 0020 0020 0020 0040 0020 0020 0020 0020 0020 0020 0040 0c80,0000 0073 0000 000c 0020 0020 0020 0020 0040 0020 0020 0020 0020 0020 0020 0020 0020 0020 0020 0040 0020 0020 0020 0020 0020 0020 0040 0c80
4,plain,4,0,31,0000 0073 0000 000d 0020 0020 0040 0020 0020 0020 0020 0020 0020 0020 0020 0020 0020 0020 0020 0040 0020 0020 0020 0020 0020 0020 0020 0020 0020 0c80,0000 0073 0000 000d 0020 0020 0020 0020 0040 0020 0020 0020 0020 0020 0020 0020 0020 0020 0020 0040 0020 0020 0020 0020 0020 0020 0020 0020 0020 0c80
B,plain,B,0,33,0000 0073 0000 000c 0020 0020 0040 0020 0020 0020 0020 0020 0020 0020 0020 0020 0020 0040 0040 0020 0020 0020 0020 0020 0020 0040 0020 0c80,0000 0073 0000 000c 0020 0020 0020 0020 0040 0020 0020 0020 0020 0020 0020 0020 0020 0040 0040 0020 0020 0020 0020 0020 0020 0040 0020 0c80
L,plain,L,0,34,0000 0073 0000 000b 0020 0020 0040 0020 0020 0020 0020 0020 0020 0020 0020 0020 0020 0040 0040 0020 0020 0020 0020 0040 0040 0c80,0000 0073 0000 000b 0020 0020 0020 0020 0040 0020 0020 0020 0020 0020 0020 0020 0020 0040 0040 0020 0020 0020 0020 0040 0040 0c80
P,plain,P,0,35,0000 0073 0000 000c 0020 0020 0040 0020 0020 0020 0020 0020 0020 0020 0020 0020 0020 0040 0040 0020 0020 0020 0020 0040 0020 0020 0020 0c80,0000 0073 0000 000c 0020 0020 0020 0020 0040 0020 0020 0020 0020 0020 0020 0020 0020 0040 0040 0020 0020 0020 0020 0040 0020 0020 0020 0c80
G,plain,G,0,36,0000 0073 0000 000b 0020 0020 0040 0020 0020 0020 0020 0020 0020 0020 0020 0020 0020 0040 0040 0020 0020 0040 0040 0020 0020 0c80,0000 0073 0000 000b 0020 0020 0020 0020 0040 0020 0020 0020 0020 0020 0020 0020 0020 0040 0040 0020 0020 0040 0040 0020 0020 0c80
9,plain,9,0,37,0000 0073 0000 000b 0020 0020 0040 0020 0020 0020 0020 0020 0020 0020 0020 0020 0020 0040 0040 0020 0020 0040 0040 0040 0020 0c80,0000 0073 0000 000b 0020 0020 0020 0020 0040 0020 0020 0020 0020 0020 0020 0020 0020 0040 0040 0020 0020 0040 0040 0040 0020 0c80
T,plain,T,0,38,0000 0073 0000 000b 0020 0020 0040 0020 0020 0020 0020 0020 0020 0020 0020 0020 0020 0040 0040 0020 0020 0040 0020 0020 0040 0c80,0000 0073 0000 000b 0020 0020 0020 0020 0040 0020 0020 0020 0020 0020 0020 0020 0020 0040 0040 0020 0020 0040 0020 0020 0040 0c80
5,plain,5,0,39,0000 0073 0000 000c 0020 0020 0040 0020 0020 0020 0020 0020 0020 0020 0020 0020 0020 0040 0040 0020 0020 0040 0020 0020 0020 0020 0020 0c80,0000 0073 0000 000c 0020 0020 0020 0020 0040 0020 0020 0020 0020 0020 0020 0020 0020 0040 0040 0020 0020 0040 0020 0020 0020 0020 0020 0c80
N,plain,N,0,41,0000 0073 0000 000b 0020 0020 0040 0020 0020 0020 0020 0020 0020 0020 0020 0020 0020 0040 0040 0040 0040 0020 0020 0040 0020 0c80,0000 0073 0000 000b 0020 0020 0020 0020 0040 0020 0020 0020 0020 0020 0020 0020 0020 0040 0040 0040 0040 0020 0020 0040 0020 0c80
",",plain,",",0,42,0000 0073 0000 000a 0020 0020 0040 0020 0020 0020 0020 0020 0020 0020 0020 0020 0020 0040 0040 0040 0040 0040 0040 0c80,0000 0073 0000 000a 0020 0020 0020 0020 0040 0020 0020 0020 0020 0020 0020 0020 0020 0040 0040 0040 0040 0040 0040 0c80
O,plain,O,0,43,0000 0073 0000 000b 0020 0020 0040 0020 0020 0020 0020 0020 0020 0020 0020 0020 0020 0040 0040 0040 0040 0040 0020 0020 0020 0c80,0000 0073 0000 000b 0020 0020 0020 0020 0040 0020 0020 0020 0020 0020 0020 0020 0020 0040 0040 0040 0040 0040 0020 0020 0020 0c80
H,plain,H,0,44,0000 0073 0000 000b 0020 0020 0040 0020 0020 0020 0020 0020 0020 0020 0020 0020 0020 0040 0040 0040 0020 0020 0040 0020 0020 0c80,0000 0073 0000 000b 0020 0020 0020 0020 0040 0020 0020 0020 0020 0020 0020 0020 0020 0040 0040 0040 0020 0020 0040 0020 0020 0c80
8,plain,8,0,45,0000 0073 0000 000b 0020 0020 0040 0020 0020 0020 0020 0020 0020 0020 0020 0020 0020 0040 0040 0040 0020 0020 0040 0040 0020 0c80,0000 0073 0000 000b 0020 0020 0020 0020 0040 0020 0020 0020 0020 0020 0020 0020 0020 0040 0040 0040 0020 0020 0040 0040 0020 0c80
Y,plain,Y,0,46,0000 0073 0000 000b 0020 0020 0040 0020 0020 0020 0020 0020 0020 0020 0020 0020 0020 0040 0040 0040 0020 0020 0020 0020 0040 0c80,0000 0073 0000 000b 0020 0020 0020 0020 0040 0020 0020 0020 0020 0020 0020 0020 0020 0040 0040 0040 0020 0020 0020 0020 0040 0c80
6,plain,6,0,47,0000 0073 0000 000c 0020 0020 0040 0020 0020 0020 0020 0020 0020 0020 0020 0020 0020 0040 0040 0040 0020 0020 0020 0020 0020 0020 0020 0c80,0000 0073 0000 000c 0020 0020 0020 0020 0040 0020 0020 0020 0020 0020 0020 0020 0020 0040 0040 0040 0020 0020 0020 0020 0020 0020 0020 0c80
M,plain,M,0,49,0000 0073 0000 000c 0020 0020 0040 0020 0020 0020 0020 0020 0020 0020 0020 0020 0020 0040 0020 0020 0040 0020 0020 0020 0020 0040 0020 0c80,0000 0073 0000 000c 0020 0020 0020 0020 0040 0020 0020 0020 0020 0020 0020 0020 0020 0040 0020 0020 0040 0020 0020 0020 0020 0040 0020 0c80
K,plain,K,0,50,0000 0073 0000 000b 0020 0020 0040 0020 0020 0020 0020 0020 0020 0020 0020 0020 0020 0040 0020 0020 0040 0020 0020 0040 0040 0c80,0000 0073 0000 000b 0020 0020 0020 0020 0040 0020 0020 0020 0020 0020 0020 0020 0020 0040 0020 0020 0040 0020 0020 0040 0040 0c80
I,plain,I,0,51,0000 0073 0000 000c 0020 0020 0040 0020 0020 0020 0020 0020 0020 0020 0020 0020 0020 0040 0020 0020 0040 0020 0020 0040 0020 0020 0020 0c80,0000 0073 0000 000c 0020 0020 0020 0020 0040 0020 0020 0020 0020 0020 0020 0020 0020 0040 0020 0020 0040 0020 0020 0040 0020 0020 0020 0c80
J,plain,J,0,52,0000 0073 0000 000b 0020 0020 0040 0020 0020 0020 0020 0020 0020 0020 0020 0020 0020 0040 0020 0020 0040 0040 0040 0020 0020 0c80,0000 0073 0000 000b 0020 0020 0020 0020 0040 0020 0020 0020 0020 0020 0020 0020 0020 0040 0020 0020 0040 0040 0040 0020 0020 0c80
7,plain,7,0,53,0000 0073 0000 000b 0020 0020 0040 0020 0020 0020 0020 0020 0020 0020 0020 0020 0020 0040 0020 0020 0040 0040 0040 0040 0020 0c80,0000 0073 0000 000b 0020 0020 0020 0020 0040 0020 0020 0020 0020 0020 0020 0020 0020 0040 0020 0020 0040 0040 0040 0040 0020 0c80
U,plain,U,0,54,0000 0073 0000 000b 0020 0020 0040 0020 0020 0020 0020 0020 0020 0020 0020 0020 0020 0040 0020 0020 0040 0040 0020 0020 0040 0c80,0000 0073 0000 000b 0020 0020 0020 0020 0040 0020 0020 0020 0020 0020 0020 0020 0020 0040 0020 0020 0040 0040 0020 0020 0040 0c80
Z,shift,Shift+Z,1,1,0000 0073 0000 000c 0020 0020 0040 0020 0020 0020 0020 0020 0020 0020 0020 0040 0040 0020 0020 0020 0020 0020 0020 0020 0020 0040 0020 0c80,0000 0073 0000 000c 0020 0020 0020 0020 0040 0020 0020 0020 0020 0020 0020 0040 0040 0020 0020 0020 0020 0020 0020 0020 0020 0040 0020 0c80
Space,shift,Shift+Space,1,2,0000 0073 0000 000b 0020 0020 0040 0020 0020 0020 0020 0020 0020 0020 0020 0040 0040 0020 0020 0020 0020 0020 0020 0040 0040 0c80,0000 0073 0000 000b 0020 0020 0020 0020 0040 0020 0020 0020 0020 0020 0020 0040 0040 0020 0020 0020 0020 0020 0020 0040 0040 0c80
→,shift,↓,1,3,0000 0073 0000 000c 0020 0020 0040 0020 0020 0020 0020 0020 0020 0020 0020 0040 0040 0020 0020 0020 0020 0020 0020 0040 0020 0020 0020 0c80,0000 0073 0000 000c 0020 0020 0020 0020 0040 0020 0020 0020 0020 0020 0020 0040 0040 0020 0020 0020 0020 0020 0020 0040 0020 0020 0020 0c80
A,shift,Shift+A,1,4,0000 0073 0000 000b 0020 0020 0040 0020 0020 0020 0020 0020 0020 0020 0020 0040 0040 0020 0020 0020 0020 0040 0040 0020 0020 0c80,0000 0073 0000 000b 0020 0020 0020 0020 0040 0020 0020 0020 0020 0020 0020 0040 0040 0020 0020 0020 0020 0040 0040 0020 0020 0c80
Lamp,shift,£,1,5,0000 0073 0000 000b 0020 0020 0040 0020 0020 0020 0020 0020 0020 0020 0020 0040 0040 0020 0020 0020 0020 0040 0040 0040 0020 0c80,0000 0073 0000 000b 0020 0020 0020 0020 0040 0020 0020 0020 0020 0020 0020 0040 0040 0020 0020 0020 0020 0040 0040 0040 0020 0c80
Q,shift,Shift+Q,1,6,0000 0073 0000 000b 0020 0020 0040 0020 0020 0020 0020 0020 0020 0020 0020 0040 0040 0020 0020 0020 0020 0040 0020 0020 0040 0c80,0000 0073 0000 000b 0020 0020 0020 0020 0040 0020 0020 0020 0020 0020 0020 0040 0040 0020 0020 0020 0020 0040 0020 0020 0040 0c80
1,shift,!,1,7,0000 0073 0000 000c 0020 0020 0040 0020 0020 0020 0020 0020 0020 0020 0020 0040 0040 0020 0020 0020 0020 0040 0020 0020 0020 0020 0020 0c80,0000 0073 0000 000c 0020 0020 0020 0020 0040 0020 0020 0020 0020 0020 0020 0040 0040 0020 0020 0020 0020 0040 0020 0020 0020 0020 0020 0c80
X,shift,Shift+X,1,9,0000 0073 0000 000b 0020 0020 0040 0020 0020 0020 0020 0020 0020 0020 0020 0040 0040 0020 0020 0040 0040 0020 0020 0040 0020 0c80,0000 0073 0000 000b 0020 0020 0020 0020 0040 0020 0020 0020 0020 0020 0020 0040 0040 0020 0020 0040 0040 0020 0020 0040 0020 0c80
/,shift,?,1,10,0000 0073 0000 000a 0020 0020 0040 0020 0020 0020 0020 0020 0020 0020 0020 0040 0040 0020 0020 0040 0040 0040 0040 0c80,0000 0073 0000 000a 0020 0020 0020 0020 0040 0020 0020 0020 0020 0020 0020 0040 0040 0020 0020 0040 0040 0040 0040 0c80
←,shift,↑,1,11,0000 0073 0000 000b 0020 0020 0040 0020 0020 0020 0020 0020 0020 0020 0020 0040 0040 0020 0020 0040 0040 0040 0020 0020 0020 0c80,0000 0073 0000 000b 0020 0020 0020 0020 0040 0020 0020 0020 0020 0020 0020 0040 0040 0020 0020 0040 0040 0040 0020 0020 0020 0c80
S,shift,Shift+S,1,12,0000 0073 0000 000b 0020 0020 0040 0020 0020 0020 0020 0020 0020 0020 0020 0040 0040 0020 0020 0040 0020 0020 0040 0020 0020 0c80,0000 0073 0000 000b 0020 0020 0020 0020 0040 0020 0020 0020 0020 0020 0020 0040 0040 0020 0020 0040 0020 0020 0040 0020 0020 0c80
=,shift,+,1,13,0000 0073 0000 000b 0020 0020 0040 0020 0020 0020 0020 0020 0020 0020 0020 0040 0040 0020 0020 0040 0020 0020 0040 0040 0020 0c80,0000 0073 0000 000b 0020 0020 0020 0020 0040 0020 0020 0020 0020 0020 0020 0040 0040 0020 0020 0040 0020 0020 0040 0040 0020 0c80
W,shift,Shift+W,1,14,0000 0073 0000 000b 0020 0020 0040 0020 0020 0020 0020 0020 0020 0020 0020 0040 0040 0020 0020 0040 0020 0020 0020 0020 0040 0c80,0000 0073 0000 000b 0020 0020 0020 0020 0040 0020 0020 0020 0020 0020 0020 0040 0040 0020 0020 0040 0020 0020 0020 0020 0040 0c80
2,shift,"""",1,15,0000 0073 0000 000c 0020 0020 0040 0020 0020 0020 0020 0020 0020 0020 0020 0040 0040 0020 0020 0040 0020 0020 0020 0020 0020 0020 0020 0c80,0000 0073 0000 000c 0020 0020 0020 0020 0040 0020 0020 0020 0020 0020 0020 0040 0040 0020 0020 0040 0020 0020 0020 0020 0020 0020 0020 0c80
C,shift,Shift+C,1,17,0000 0073 0000 000b 0020 0020 0040 0020 0020 0020 0020 0020 0020 0020 0020 0040 0040 0040 0040 0020 0020 0020 0020 0040 0020 0c80,0000 0073 0000 000b 0020 0020 0020 0020 0040 0020 0020 0020 0020 0020 0020 0040 0040 0040 0040 0020 0020 0020 0020 0040 0020 0c80
;,shift,:,1,18,0000 0073 0000 000a 0020 0020 0040 0020 0020 0020 0020 0020 0020 0020 0020 0040 0040 0040 0040 0020 0020 0040 0040 0c80,0000 0073 0000 000a 0020 0020 0020 0020 0040 0020 0020 0020 0020 0020 0020 0040 0040 0040 0040 0020 0020 0040 0040 0c80
Run,shift,Shift+Run,1,19,0000 0073 0000 000b 0020 0020 0040 0020 0020 0020 0020 0020 0020 0020 0020 0040 0040 0040 0040 0020 0020 0040 0020 0020 0020 0c80,0000 0073 0000 000b 0020 0020 0020 0020 0040 0020 0020 0020 0020 0020 0020 0040 0040 0040 0040 0020 0020 0040 0020 0020 0020 0c80
D,shift,Shift+D,1,20,0000 0073 0000 000a 0020 0020 0040 0020 0020 0020 0020 0020 0020 0020 0020 0040 0040 0040 0040 0040 0040 0020 0020 0c80,0000 0073 0000 000a 0020 0020 0020 0020 0040 0020 0020 0020 0020 0020 0020 0040 0040 0040 0040 0040 0040 0020 0020 0c80
-,shift,',1,21,0000 0073 0000 000a 0020 0020 0040 0020 0020 0020 0020 0020 0020 0020 0020 0040 0040 0040 0040 0040 0040 0040 0020 0c80,0000 0073 0000 000a 0020 0020 0020 0020 0040 0020 0020 0020 0020 0020 0020 0040 0040 0040 0040 0040 0040 0040 0020 0c80
E,shift,Shift+E,1,22,0000 0073 0000 000a 0020 0020 0040 0020 0020 0020 0020 0020 0020 0020 0020 0040 0040 0040 0040 0040 0020 0020 0040 0c80,0000 0073 0000 000a 0020 0020 0020 0020 0040 0020 0020 0020 0020 0020 0020 0040 0040 0040 0040 0040 0020 0020 0040 0c80
3,shift,#,1,23,0000 0073 0000 000b 0020 0020 0040 0020 0020 0020 0020 0020 0020 0020 0020 0040 0040 0040 0040 0040 0020 0020 0020 0020 0020 0c80,0000 0073 0000 000b 0020 0020 0020 0020 0040 0020 0020 0020 0020 0020 0020 0040 0040 0040 0040 0040 0020 0020 0020 0020 0020 0c80
V,shift,Shift+V,1,25,0000 0073 0000 000b 0020 0020 0040 0020 0020 0020 0020 0020 0020 0020 0020 0040 0040 0040 0020 0020 0040 0020 0020 0040 0020 0c80,0000 0073 0000 000b 0020 0020 0020 0020 0040 0020 0020 0020 0020 0020 0020 0040 0040 0040 0020 0020 0040 0020 0020 0040 0020 0c80
.,shift,>,1,26,0000 0073 0000 000a 0020 0020 0040 0020 0020 0020 0020 0020 0020 0020 0020 0040 0040 0040 0020 0020 0040 0040 0040 0c80,0000 0073 0000 000a 0020 0020 0020 0020 0040 0020 0020 0020 0020 0020 0020 0040 0040 0040 0020 0020 0040 0040 0040 0c80
Edit,shift,Ñ,1,27,0000 0073 0000 000b 0020 0020 0040 0020 0020 0020 0020 0020 0020 0020 0020 0040 0040 0040 0020 0020 0040 0040 0020 0020 0020 0c80,0000 0073 0000 000b 0020 0020 0020 0020 0040 0020 0020 0020 0020 0020 0020 0040 0040 0040 0020 0020 0040 0040 0020 0020 0020 0c80
F,shift,Shift+F,1,28,0000 0073 0000 000b 0020 0020 0040 0020 0020 0020 0020 0020 0020 0020 0020 0040 0040 0040 0020 0020 0020 0020 0040 0020 0020 0c80,0000 0073 0000 000b 0020 0020 0020 0020 0040 0020 0020 0020 0020 0020 0020 0040 0040 0040 0020 0020 0020 0020 0040 0020 0020 0c80
0,shift,),1,29,0000 0073 0000 000b 0020 0020 0040 0020 0020 0020 0020 0020 0020 0020 0020 0040 0040 0040 0020 0020 0020 0020 0040 0040 0020 0c80,0000 0073 0000 000b 0020 0020 0020 0020 0040 0020 0020 0020 0020 0020 0020 0040 0040 0040 0020 0020 0020 0020 0040 0040 0020 0c80
R,shift,Shift+R,1,30,0000 0073 0000 000b 0020 0020 0040 0020 0020 0020 0020 0020 0020 0020 0020 0040 0040 0040 0020 0020 0020 0020 0020 0020 0040 0c80,0000 0073 0000 000b 0020 0020 0020 0020 0040 0020 0020 0020 0020 0020 0020 0040 0040 0040 0020 0020 0020 0020 0020 0020 0040 0c80
4,shift,$,1,31,0000 0073 0000 000c 0020 0020 0040 0020 0020 0020 0020 0020 0020 0020 0020 0040 0040 0040 0020 0020 0020 0020 0020 0020 0020 0020 0020 0c80,0000 0073 0000 000c 0020 0020 0020 0020 0040 0020 0020 0020 0020 0020 0020 0040 0040 0040 0020 0020 0020 0020 0020 0020 0020 0020 0020 0c80
B,shift,Shift+B,1,33,0000 0073 0000 000c 0020 0020 0040 0020 0020 0020 0020 0020 0020 0020 0020 0040 0020 0020 0040 0020 0020 0020 0020 0020 0020 0040 0020 0c80,0000 0073 0000 000c 0020 0020 0020 0020 0040 0020 0020 0020 0020 0020 0020 0040 0020 0020 0040 0020 0020 0020 0020 0020 0020 0040 0020 0c80
L,shift,Shift+L,1,34,0000 0073 0000 000b 0020 0020 0040 0020 0020 0020 0020 0020 0020 0020 0020 0040 0020 0020 0040 0020 0020 0020 0020 0040 0040 0c80,0000 0073 0000 000b 0020 0020 0020 0020 0040 0020 0020 0020 0020 0020 0020 0040 0020 0020 0040 0020 0020 0020 0020 0040 0040 0c80
P,shift,Shift+P,1,35,0000 0073 0000 000c 0020 0020 0040 0020 0020 0020 0020 0020 0020 0020 0020 0040 0020 0020 0040 0020 0020 0020 0020 0040 0020 0020 0020 0c80,0000 0073 0000 000c 0020 0020 0020 0020 0040 0020 0020 0020 0020 0020 0020 0040 0020 0020 0040 0020 0020 0020 0020 0040 0020 0020 0020 0c80
G,shift,Shift+G,1,36,0000 0073 0000 000b 0020 0020 0040 0020 0020 0020 0020 0020 0020 0020 0020 0040 0020 0020 0040 0020 0020 0040 0040 0020 0020 0c80,0000 0073 0000 000b 0020 0020 0020 0020 0040 0020 0020 0020 0020 0020 0020 0040 0020 0020 0040 0020 0020 0040 0040 0020 0020 0c80
9,shift,(,1,37,0000 0073 0000 000b 0020 0020 0040 0020 0020 0020 0020 0020 0020 0020 0020 0040 0020 0020 0040 0020 0020 0040 0040 0040 0020 0c80,0000 0073 0000 000b 0020 0020 0020 0020 0040 0020 0020 0020 0020 0020 0020 0040 0020 0020 0040 0020 0020 0040 0040 0040 0020 0c80
T,shift,Shift+T,1,38,0000 0073 0000 000b 0020 0020 0040 0020 0020 0020 0020 0020 0020 0020 0020 0040 0020 0020 0040 0020 0020 0040 0020 0020 0040 0c80,0000 0073 0000 000b 0020 0020 0020 0020 0040 0020 0020 0020 0020 0020 0020 0040 0020 0020 0040 0020 0020 0040 0020 0020 0040 0c80
5,shift,%,1,39,0000 0073 0000 000c 0020 0020 0040 0020 0020 0020 0020 0020 0020 0020 0020 0040 0020 0020 0040 0020 0020 0040 0020 0020 0020 0020 0020 0c80,0000 0073 0000 000c 0020 0020 0020 0020 0040 0020 0020 0020 0020 0020 0020 0040 0020 0020 0040 0020 0020 0040 0020 0020 0020 0020 0020 0c80
N,shift,Shift+N,1,41,0000 0073 0000 000b 0020 0020 0040 0020 0020 0020 0020 0020 0020 0020 0020 0040 0020 0020 0040 0040 0040 0020 0020 0040 0020 0c80,0000 0073 0000 000b 0020 0020 0020 0020 0040 0020 0020 0020 0020 0020 0020 0040 0020 0020 0040 0040 0040 0020 0020 0040 0020 0c80
",",shift,<,1,42,0000 0073 0000 000a 0020 0020 0040 0020 0020 0020 0020 0020 0020 0020 0020 0040 0020 0020 0040 0040 0040 0040 0040 0c80,0000 0073 0000 000a 0020 0020 0020 0020 0040 0020 0020 0020 0020 0020 0020 0040 0020 0020 0040 0040 0040 0040 0040 0c80
O,shift,Shift+O,1,43,0000 0073 0000 000b 0020 0020 0040 0020 0020 0020 0020 0020 0020 0020 0020 0040 0020 0020 0040 0040 0040 0040 0020 0020 0020 0c80,0000 0073 0000 000b 0020 0020 0020 0020 0040 0020 0020 0020 0020 0020 0020 0040 0020 0020 0040 0040 0040 0040 0020 0020 0020 0c80
H,shift,Shift+H,1,44,0000 0073 0000 000b 0020 0020 0040 0020 0020 0020 0020 0020 0020 0020 0020 0040 0020 0020 0040 0040 0020 0020 0040 0020 0020 0c80,0000 0073 0000 000b 0020 0020 0020 0020 0040 0020 0020 0020 0020 0020 0020 0040 0020 0020 0040 0040 0020 0020 0040 0020 0020 0c80
8,shift,*,1,45,0000 0073 0000 000b 0020 0020 0040 0020 0020 0020 0020 0020 0020 0020 0020 0040 0020 0020 0040 0040 0020 0020 0040 0040 0020 0c80,0000 0073 0000 000b 0020 0020 0020 0020 0040 0020 0020 0020 0020 0020 0020 0040 0020 0020 0040 0040 0020 0020 0040 0040 0020 0c80
Y,shift,Shift+Y,1,46,0000 0073 0000 000b 0020 0020 0040 0020 0020 0020 0020 0020 0020 0020 0020 0040 0020 0020 0040 0040 0020 0020 0020 0020 0040 0c80,0000 0073 0000 000b 0020 0020 0020 0020 0040 0020 0020 0020 0020 0020 0020 0040 0020 0020 0040 0040 0020 0020 0020 0020 0040 0c80
6,shift,¢,1,47,0000 0073 0000 000c 0020 0020 0040 0020 0020 0020 0020 0020 0020 0020 0020 0040 0020 0020 0040 0040 0020 0020 0020 0020 0020 0020 0020 0c80,0000 0073 0000 000c 0020 0020 0020 0020 0040 0020 0020 0020 0020 0020 0020 0040 0020 0020 0040 0040 0020 0020 0020 0020 0020 0020 0020 0c80
M,shift,Shift+M,1,49,0000 0073 0000 000c 0020 0020 0040 0020 0020 0020 0020 0020 0020 0020 0020 0040 0020 0020 0020 0020 0040 0020 0020 0020 0020 0040 0020 0c80,0000 0073 0000 000c 0020 0020 0020 0020 0040 0020 0020 0020 0020 0020 0020 0040 0020 0020 0020 0020 0040 0020 0020 0020 0020 0040 0020 0c80
K,shift,Shift+K,1,50,0000 0073 0000 000b 0020 0020 0040 0020 0020 0020 0020 0020 0020 0020 0020 0040 0020 0020 0020 0020 0040 0020 0020 0040 0040 0c80,0000 0073 0000 000b 0020 0020 0020 0020 0040 0020 0020 0020 0020 0020 0020 0040 0020 0020 0020 0020 0040 0020 0020 0040 0040 0c80
I,shift,Shift+I,1,51,0000 0073 0000 000c 0020 0020 0040 0020 0020 0020 0020 0020 0020 0020 0020 0040 0020 0020 0020 0020 0040 0020 0020 0040 0020 0020 0020 0c80,0000 0073 0000 000c 0020 0020 0020 0020 0040 0020 0020 0020 0020 0020 0020 0040 0020 0020 0020 0020 0040 0020 0020 0040 0020 0020 0020 0c80
J,shift,Shift+J,1,52,0000 0073 0000 000b 0020 0020 0040 0020 0020 0020 0020 0020 0020 0020 0020 0040 0020 0020 0020 0020 0040 0040 0040 0020 0020 0c80,0000 0073 0000 000b 0020 0020 0020 0020 0040 0020 0020 0020 0020 0020 0020 0040 0020 0020 0020 0020 0040 0040 0040 0020 0020 0c80
7,shift,&,1,53,0000 0073 0000 000b 0020 0020 0040 0020 0020 0020 0020 0020 0020 0020 0020 0040 0020 0020 0020 0020 0040 0040 0040 0040 0020 0c80,0000 0073 0000 000b 0020 0020 0020 0020 0040 0020 0020 0020 0020 0020 0020 0040 0020 0020 0020 0020 0040 0040 0040 0040 0020 0c80
U,shift,Shift+U,1,54,0000 0073 0000 000b 0020 0020 0040 0020 0020 0020 0020 0020 0020 0020 0020 0040 0020 0020 0020 0020 0040 0040 0020 0020 0040 0c80,0000 0073 0000 000b 0020 0020 0020 0020 0040 0020 0020 0020 0020 0020 0020 0040 0020 0020 0020 0020 0040 0040 0020 0020 0040 0c80
Z,control,Speed,4,1,0000 0073 0000 000c 0020 0020 0040 0020 0020 0020 0020 0040 0040 0020 0020 0020 0020 0020 0020 0020 0020 0020 0020 0020 0020 0040 0020 0c80,0000 0073 0000 000c 0020 0020 0020 0020 0040 0020 0020 0040 0040 0020 0020 0020 0020 0020 0020 0020 0020 0020 0020 0020 0020 0040 0020 0c80
Space,control,,4,2,0000 0073 0000 000b 0020 0020 0040 0020 0020 0020 0020 0040 0040 0020 0020 0020 0020 0020 0020 0020 0020 0020 0020 0040 0040 0c80,0000 0073 0000 000b 0020 0020 0020 0020 0040 0020 0020 0040 0040 0020 0020 0020 0020 0020 0020 0020 0020 0020 0020 0040 0040 0c80
→,control,Delete,4,3,0000 0073 0000 000c 0020 0020 0040 0020 0020 0020 0020 0040 0040 0020 0020 0020 0020 0020 0020 0020 0020 0020 0020 0040 0020 0020 0020 0c80,0000 0073 0000 000c 0020 0020 0020 0020 0040 0020 0020 0040 0040 0020 0020 0020 0020 0020 0020 0020 0020 0020 0020 0040 0020 0020 0020 0c80
A,control,Time,4,4,0000 0073 0000 000b 0020 0020 0040 0020 0020 0020 0020 0040 0040 0020 0020 0020 0020 0020 0020 0020 0020 0040 0040 0020 0020 0c80,0000 0073 0000 000b 0020 0020 0020 0020 0040 0020 0020 0040 0040 0020 0020 0020 0020 0020 0020 0020 0020 0040 0040 0020 0020 0c80
Lamp,control,Cap Lock,4,5,0000 0073 0000 000b 0020 0020 0040 0020 0020 0020 0020 0040 0040 0020 0020 0020 0020 0020 0020 0020 0020 0040 0040 0040 0020 0c80,0000 0073 0000 000b 0020 0020 0020 0020 0040 0020 0020 0040 0040 0020 0020 0020 0020 0020 0020 0020 0020 0040 0040 0040 0020 0c80
Q,control,Pause,4,6,0000 0073 0000 000b 0020 0020 0040 0020 0020 0020 0020 0040 0040 0020 0020 0020 0020 0020 0020 0020 0020 0040 0020 0020 0040 0c80,0000 0073 0000 000b 0020 0020 0020 0020 0040 0020 0020 0040 0040 0020 0020 0020 0020 0020 0020 0020 0020 0040 0020 0020 0040 0c80
1,control,Twinkle,4,7,0000 0073 0000 000c 0020 0020 0040 0020 0020 0020 0020 0040 0040 0020 0020 0020 0020 0020 0020 0020 0020 0040 0020 0020 0020 0020 0020 0c80,0000 0073 0000 000c 0020 0020 0020 0020 0040 0020 0020 0040 0040 0020 0020 0020 0020 0020 0020 0020 0020 0040 0020 0020 0020 0020 0020 0c80
X,control,Graphic,4,9,0000 0073 0000 000b 0020 0020 0040 0020 0020 0020 0020 0040 0040 0020 0020 0020 0020 0020 0020 0040 0040 0020 0020 0040 0020 0c80,0000 0073 0000 000b 0020 0020 0020 0020 0040 0020 0020 0040 0040 0020 0020 0020 0020 0020 0020 0040 0040 0020 0020 0040 0020 0c80
/,control,Clear End,4,10,0000 0073 0000 000a 0020 0020 0040 0020 0020 0020 0020 0040 0040 0020 0020 0020 0020 0020 0020 0040 0040 0040 0040 0c80,0000 0073 0000 000a 0020 0020 0020 0020 0040 0020 0020 0040 0040 0020 0020 0020 0020 0020 0020 0040 0040 0040 0040 0c80
←,control,Insert,4,11,0000 0073 0000 000b 0020 0020 0040 0020 0020 0020 0020 0040 0040 0020 0020 0020 0020 0020 0020 0040 0040 0040 0020 0020 0020 0c80,0000 0073 0000 000b 0020 0020 0020 0020 0040 0020 0020 0040 0040 0020 0020 0020 0020 0020 0020 0040 0040 0040 0020 0020 0020 0c80
S,control,Day,4,12,0000 0073 0000 000b 0020 0020 0040 0020 0020 0020 0020 0040 0040 0020 0020 0020 0020 0020 0020 0040 0020 0020 0040 0020 0020 0c80,0000 0073 0000 000b 0020 0020 0020 0020 0040 0020 0020 0040 0040 0020 0020 0020 0020 0020 0020 0040 0020 0020 0040 0020 0020 0c80
=,control,F4,4,13,0000 0073 0000 000b 0020 0020 0040 0020 0020 0020 0020 0040 0040 0020 0020 0020 0020 0020 0020 0040 0020 0020 0040 0040 0020 0c80,0000 0073 0000 000b 0020 0020 0020 0020 0040 0020 0020 0040 0040 0020 0020 0020 0020 0020 0020 0040 0020 0020 0040 0040 0020 0c80
W,control,Wide,4,14,0000 0073 0000 000b 0020 0020 0040 0020 0020 0020 0020 0040 0040 0020 0020 0020 0020 0020 0020 0040 0020 0020 0020 0020 0040 0c80,0000 0073 0000 000b 0020 0020 0020 0020 0040 0020 0020 0040 0040 0020 0020 0020 0020 0020 0020 0040 0020 0020 0020 0020 0040 0c80
2,control,Tear,4,15,0000 0073 0000 000c 0020 0020 0040 0020 0020 0020 0020 0040 0040 0020 0020 0020 0020 0020 0020 0040 0020 0020 0020 0020 0020 0020 0020 0c80,0000 0073 0000 000c 0020 0020 0020 0020 0040 0020 0020 0040 0040 0020 0020 0020 0020 0020 0020 0040 0020 0020 0020 0020 0020 0020 0020 0c80
C,control,Tone,4,17,0000 0073 0000 000b 0020 0020 0040 0020 0020 0020 0020 0040 0040 0020 0020 0020 0020 0040 0040 0020 0020 0020 0020 0040 0020 0c80,0000 0073 0000 000b 0020 0020 0020 0020 0040 0020 0020 0040 0040 0020 0020 0020 0020 0040 0040 0020 0020 0020 0020 0040 0020 0c80
;,control,Schedule,4,18,0000 0073 0000 000a 0020 0020 0040 0020 0020 0020 0020 0040 0040 0020 0020 0020 0020 0040 0040 0020 0020 0040 0040 0c80,0000 0073 0000 000a 0020 0020 0020 0020 0040 0020 0020 0040 0040 0020 0020 0020 0020 0040 0040 0020 0020 0040 0040 0c80
Run,control,New,4,19,0000 0073 0000 000b 0020 0020 0040 0020 0020 0020 0020 0040 0040 0020 0020 0020 0020 0040 0040 0020 0020 0040 0020 0020 0020 0c80,0000 0073 0000 000b 0020 0020 0020 0020 0040 0020 0020 0040 0040 0020 0020 0020 0020 0040 0040 0020 0020 0040 0020 0020 0020 0c80
D,control,Date,4,20,0000 0073 0000 000a 0020 0020 0040 0020 0020 0020 0020 0040 0040 0020 0020 0020 0020 0040 0040 0040 0040 0020 0020 0c80,0000 0073 0000 000a 0020 0020 0020 0020 0040 0020 0020 0040 0040 0020 0020 0020 0020 0040 0040 0040 0040 0020 0020 0c80
-,control,F3,4,21,0000 0073 0000 000a 0020 0020 0040 0020 0020 0020 0020 0040 0040 0020 0020 0020 0020 0040 0040 0040 0040 0040 0020 0c80,0000 0073 0000 000a 0020 0020 0020 0020 0040 0020 0020 0040 0040 0020 0020 0020 0020 0040 0040 0040 0040 0040 0020 0c80
E,control,Flash,4,22,0000 0073 0000 000a 0020 0020 0040 0020 0020 0020 0020 0040 0040 0020 0020 0020 0020 0040 0040 0040 0020 0020 0040 0c80,0000 0073 0000 000a 0020 0020 0020 0020 0040 0020 0020 0040 0040 0020 0020 0020 0020 0040 0040 0040 0020 0020 0040 0c80
3,control,Paint,4,23,0000 0073 0000 000b 0020 0020 0040 0020 0020 0020 0020 0040 0040 0020 0020 0020 0020 0040 0040 0040 0020 0020 0020 0020 0020 0c80,0000 0073 0000 000b 0020 0020 0020 0020 0040 0020 0020 0040 0040 0020 0020 0020 0020 0040 0040 0040 0020 0020 0020 0020 0020 0c80
V,control,Scroll ↑,4,25,0000 0073 0000 000b 0020 0020 0040 0020 0020 0020 0020 0040 0040 0020 0020 0020 0020 0040 0020 0020 0040 0020 0020 0040 0020 0c80,0000 0073 0000 000b 0020 0020 0020 0020 0040 0020 0020 0040 0040 0020 0020 0020 0020 0040 0020 0020 0040 0020 0020 0040 0020 0c80
.,control,Demo,4,26,0000 0073 0000 000a 0020 0020 0040 0020 0020 0020 0020 0040 0040 0020 0020 0020 0020 0040 0020 0020 0040 0040 0040 0c80,0000 0073 0000 000a 0020 0020 0020 0020 0040 0020 0020 0040 0040 0020 0020 0020 0020 0040 0020 0020 0040 0040 0040 0c80
Edit,control,Memory,4,27,0000 0073 0000 000b 0020 0020 0040 0020 0020 0020 0020 0040 0040 0020 0020 0020 0020 0040 0020 0020 0040 0040 0020 0020 0020 0c80,0000 0073 0000 000b 0020 0020 0020 0020 0040 0020 0020 0040 0040 0020 0020 0020 0020 0040 0020 0020 0040 0040 0020 0020 0020 0c80
F,control,Idle,4,28,0000 0073 0000 000b 0020 0020 0040 0020 0020 0020 0020 0040 0040 0020 0020 0020 0020 0040 0020 0020 0020 0020 0040 0020 0020 0c80,0000 0073 0000 000b 0020 0020 0020 0020 0040 0020 0020 0040 0040 0020 0020 0020 0020 0040 0020 0020 0020 0020 0040 0020 0020 0c80
0,control,F2,4,29,0000 0073 0000 000b 0020 0020 0040 0020 0020 0020 0020 0040 0040 0020 0020 0020 0020 0040 0020 0020 0020 0020 0040 0040 0020 0c80,0000 0073 0000 000b 0020 0020 0020 0020 0040 0020 0020 0040 0040 0020 0020 0020 0020 0040 0020 0020 0020 0020 0040 0040 0020 0c80
R,control,Blink,4,30,0000 0073 0000 000b 0020 0020 0040 0020 0020 0020 0020 0040 0040 0020 0020 0020 0020 0040 0020 0020 0020 0020 0020 0020 0040 0c80,0000 0073 0000 000b 0020 0020 0020 0020 0040 0020 0020 0040 0040 0020 0020 0020 0020 0040 0020 0020 0020 0020 0020 0020 0040 0c80
4,control,Wiggle,4,31,0000 0073 0000 000c 0020 0020 0040 0020 0020 0020 0020 0040 0040 0020 0020 0020 0020 0040 0020 0020 0020 0020 0020 0020 0020 0020 0020 0c80,0000 0073 0000 000c 0020 0020 0020 0020 0040 0020 0020 0040 0040 0020 0020 0020 0020 0040 0020 0020 0020 0020 0020 0020 0020 0020 0020 0c80
B,control,Scroll ↓,4,33,0000 0073 0000 000b 0020 0020 0040 0020 0020 0020 0020 0040 0040 0020 0020 0040 0040 0020 0020 0020 0020 0020 0020 0040 0020 0c80,0000 0073 0000 000b 0020 0020 0020 0020 0040 0020 0020 0040 0040 0020 0020 0040 0040 0020 0020 0020 0020 0020 0020 0040 0020 0c80
L,control,Drop,4,34,0000 0073 0000 000a 0020 0020 0040 0020 0020 0020 0020 0040 0040 0020 0020 0040 0040 0020 0020 0020 0020 0040 0040 0c80,0000 0073 0000 000a 0020 0020 0020 0020 0040 0020 0020 0040 0040 0020 0020 0040 0040 0020 0020 0020 0020 0040 0040 0c80
P,control,Wipe,4,35,0000 0073 0000 000b 0020 0020 0040 0020 0020 0020 0020 0040 0040 0020 0020 0040 0040 0020 0020 0020 0020 0040 0020 0020 0020 0c80,0000 0073 0000 000b 0020 0020 0020 0020 0040 0020 0020 0040 0040 0020 0020 0040 0040 0020 0020 0020 0020 0040 0020 0020 0020 0c80
G,control,Center,4,36,0000 0073 0000 000a 0020 0020 0040 0020 0020 0020 0020 0040 0040 0020 0020 0040 0040 0020 0020 0040 0040 0020 0020 0c80,0000 0073 0000 000a 0020 0020 0020 0020 0040 0020 0020 0040 0040 0020 0020 0040 0040 0020 0020 0040 0040 0020 0020 0c80
9,control,F1,4,37,0000 0073 0000 000a 0020 0020 0040 0020 0020 0020 0020 0040 0040 0020 0020 0040 0040 0020 0020 0040 0040 0040 0020 0c80,0000 0073 0000 000a 0020 0020 0020 0020 0040 0020 0020 0040 0040 0020 0020 0040 0040 0020 0020 0040 0040 0040 0020 0c80
T,control,Reverse,4,38,0000 0073 0000 000a 0020 0020 0040 0020 0020 0020 0020 0040 0040 0020 0020 0040 0040 0020 0020 0040 0020 0020 0040 0c80,0000 0073 0000 000a 0020 0020 0020 0020 0040 0020 0020 0040 0040 0020 0020 0040 0040 0020 0020 0040 0020 0020 0040 0c80
5,control,Slide,4,39,0000 0073 0000 000b 0020 0020 0040 0020 0020 0020 0020 0040 0040 0020 0020 0040 0040 0020 0020 0040 0020 0020 0020 0020 0020 0c80,0000 0073 0000 000b 0020 0020 0020 0020 0040 0020 0020 0040 0040 0020 0020 0040 0040 0020 0020 0040 0020 0020 0020 0020 0020 0c80
N,control,Kick On,4,41,0000 0073 0000 000a 0020 0020 0040 0020 0020 0020 0020 0040 0040 0020 0020 0040 0040 0040 0040 0020 0020 0040 0020 0c80,0000 0073 0000 000a 0020 0020 0020 0020 0040 0020 0020 0040 0040 0020 0020 0040 0040 0040 0040 0020 0020 0040 0020 0c80
",",control,Options,4,42,0000 0073 0000 0009 0020 0020 0040 0020 0020 0020 0020 0040 0040 0020 0020 0040 0040 0040 0040 0040 0040 0c80,0000 0073 0000 0009 0020 0020 0020 0020 0040 0020 0020 0040 0040 0020 0020 0040 0040 0040 0040 0040 0040 0c80
O,control,Scan,4,43,0000 0073 0000 000a 0020 0020 0040 0020 0020 0020 0020 0040 0040 0020 0020 0040 0040 0040 0040 0040 0020 0020 0020 0c80,0000 0073 0000 000a 0020 0020 0020 0020 0040 0020 0020 0040 0040 0020 0020 0040 0040 0040 0040 0040 0020 0020 0020 0c80
H,control,Rot ←,4,44,0000 0073 0000 000a 0020 0020 0040 0020 0020 0020 0020 0040 0040 0020 0020 0040 0040 0040 0020 0020 0040 0020 0020 0c80,0000 0073 0000 000a 0020 0020 0020 0020 0040 0020 0020 0040 0040 0020 0020 0040 0040 0040 0020 0020 0040 0020 0020 0c80
8,control,Shoot,4,45,0000 0073 0000 000a 0020 0020 0040 0020 0020 0020 0020 0040 0040 0020 0020 0040 0040 0040 0020 0020 0040 0040 0020 0c80,0000 0073 0000 000a 0020 0020 0020 0020 0040 0020 0020 0040 0040 0020 0020 0040 0040 0040 0020 0020 0040 0040 0020 0c80
Y,control,Random,4,46,0000 0073 0000 000a 0020 0020 0040 0020 0020 0020 0020 0040 0040 0020 0020 0040 0040 0040 0020 0020 0020 0020 0040 0c80,0000 0073 0000 000a 0020 0020 0020 0020 0040 0020 0020 0040 0040 0020 0020 0040 0040 0040 0020 0020 0020 0020 0040 0c80
6,control,Jaws,4,47,0000 0073 0000 000b 0020 0020 0040 0020 0020 0020 0020 0040 0040 0020 0020 0040 0040 0040 0020 0020 0020 0020 0020 0020 0020 0c80,0000 0073 0000 000b 0020 0020 0020 0020 0040 0020 0020 0040 0040 0020 0020 0040 0040 0040 0020 0020 0020 0020 0020 0020 0020 0c80
M,control,Kick Off,4,49,0000 0073 0000 000b 0020 0020 0040 0020 0020 0020 0020 0040 0040 0020 0020 0040 0020 0020 0040 0020 0020 0020 0020 0040 0020 0c80,0000 0073 0000 000b 0020 0020 0020 0020 0040 0020 0020 0040 0040 0020 0020 0040 0020 0020 0040 0020 0020 0020 0020 0040 0020 0c80
K,control,Instant,4,50,0000 0073 0000 000a 0020 0020 0040 0020 0020 0020 0020 0040 0040 0020 0020 0040 0020 0020 0040 0020 0020 0040 0040 0c80,0000 0073 0000 000a 0020 0020 0020 0020 0040 0020 0020 0040 0040 0020 0020 0040 0020 0020 0040 0020 0020 0040 0040 0c80
I,control,Close,4,51,0000 0073 0000 000b 0020 0020 0040 0020 0020 0020 0020 0040 0040 0020 0020 0040 0020 0020 0040 0020 0020 0040 0020 0020 0020 0c80,0000 0073 0000 000b 0020 0020 0020 0020 0040 0020 0020 0040 0040 0020 0020 0040 0020 0020 0040 0020 0020 0040 0020 0020 0020 0c80
J,control,Rot →,4,52,0000 0073 0000 000a 0020 0020 0040 0020 0020 0020 0020 0040 0040 0020 0020 0040 0020 0020 0040 0040 0040 0020 0020 0c80,0000 0073 0000 000a 0020 0020 0020 0020 0040 0020 0020 0040 0040 0020 0020 0040 0020 0020 0040 0040 0040 0020 0020 0c80
7,control,Swirl,4,53,0000 0073 0000 000a 0020 0020 0040 0020 0020 0020 0020 0040 0040 0020 0020 0040 0020 0020 0040 0040 0040 0040 0020 0c80,0000 0073 0000 000a 0020 0020 0020 0020 0040 0020 0020 0040 0040 0020 0020 0040 0020 0020 0040 0040 0040 0040 0020 0c80
U,control,Open,4,54,0000 0073 0000 000a 0020 0020 0040 0020 0020 0020 0020 0040 0040 0020 0020 0040 0020 0020 0040 0040 0020 0020 0040 0c80,0000 0073 0000 000a 0020 0020 0020 0020 0040 0020 0020 0040 0040 0020 0020 0040 0020 0020 0040 0040 0020 0020 0040 0c80
